{"joy": 0.23870657756924632, "anticipation": 0.20902044922113422, "trust": 0.04054614810738713, "surprise": 0.427656689286232, "disgust": 0.2023722838708476, "fear": 0.3195622753701173, "anger": 0.15378029634454712, "sadness": 0.19926778059959893}